10jo7ai,Why Thou At The Airport,videos ,asks a question in a weird way
10dxjxk,"""Did I promise to show you lovely patients? Look at this little face!""",awww,"""lovely"" and ""look"""
3p4shh,CEO Steve here to answer more questions.,announcements,sounds like buisness stuff
10jpv7y,Saw this on an old mini van's windows there were several and the driver was an elderly woman,funny,referencing a picture that might be funny
10gy5x1,UK shop sales fell by record numbers both in December and across the whole of last year as consumers cut spending,worldnews,sounds like news
10jnjhh,Uh I did not know that my electrician put a network cable to my fridge.,pics,"referencing a pic, but might not be too funny"
10jmw2z,Bennett Foddy's indifferent approach to game design,videos ,maybe a lecture?
10fzsh4,No crime detected,videos ,"probably needs to reference a video, or maybe a meme"
107pue2,[OC] Wineries in Europe,dataisbeautiful,"""[oc]"" and seems like it might be a map/stats"
10izvdp,AITA for cursing out my terminally sick mother?,aita,"""aita"""
10j2r0o,"Russian warship armed with hypersonic missiles to join drills with China, S.Africa",worldnews,"""russian"" and sounds like headline"
10k9xpl,30 Animals Reunited With Owners After Many YEARS!,awww,"animals are cute, uplifting"
10k26be,AITA for not giving back his seat to my friend?,aita,"""aita"""
f8k2e,"When this link is 30mins old, reddit will go down for scheduled maintenance",announcements,provides info about reddit
10g4tqr,DATA SCIENTIST ROADMAP,datascience,"""data scientist"""
1073t4o,Brother and sister nap time,awww,sounds cute
10j0gks,Wife asked me how the score could be a negative.,funny,sounds like a funny situation that needs a picture to understand
10jsz3c,France drops plans to allow harmful sugar beet pesticide after EU court ruling,worldnews,politics
1098wvy,Silicon Valley Generative AI Meetup,datascience,"if it's not a meme, this is it"
10k0hfk,"Dangerous giant icicle on Mykola Hohol Street/–ú—ã–∫–æ–ª–∞ “í–æ“ì–æ–ª –∫”©—à–µ—Å—ñ in Almaty, Kazakhstan today",worldnews,news
10kf4yc,"All you do is win, win, win. What‚Äôs your next move?",AskReddit,"Asks a question. Could be a meme pic, but it asks for a responce so probably not."
zu9brw,"People suffering from depression have lower connectivity in brain regions linked to reward processing, study finds",worldnews,news
10iehld,Police in Peru arrest more than 200 as antigovernment protests spread nationwide,worldnews,news
102wad0,Advice to further develop my career.,datascience,asks for career advice
10jrc3c,Cool photo i got off the escarpment,pics,"a picture, doesn't sound funny"
10219kw,Meet my baby. He enjoys the road trip.,awww,babies are cute
10k9zsa,AITA for telling my mother the truth,aita,"""aita"""
10k9b8u,Chain link fence,pics,"probably pic, not funny"
10j6dk6,AITA for not spending all my hard earned money on my boyfriends family?,aita,"""aita"""
10ju8vu,"Ciaphas Cain, Hero of the Imperium",funny,Sounds sarcastic?
10kenoy,What's The Best You've And How Have You Applied It?,AskReddit,"asks a question, karma farming, "
10id62h,Found this white and gold couch on FB marketplace.,funny,"references a picture, sounds funny"
10ix9n3,I put a bike in that random patch of light I found the other day,pics,"a picture, doesn't sound funny"
10kc9f6,what have you chose to do instead of sex when offered?,askReddit,"asks a question, sex is a popular topic on askreddit"
10hyl8q,AITA for not accepting my brother offer of help?,aita,"""aita"""
10kdn87,What sort of employee wellbeing program / mental health & wellness perks would you want your employer to provide that you‚Äôd actually use?,askReddit,asks a broad question
10ff4i9,Anyone familiar with Streamlit and willing to help me with something real quick?,datascience,asks a narrow question
10ib081,"Female and male hearts respond differently to stress hormone in mouse study: Female and male hearts respond differently to the stress hormone noradrenaline, showing implications for human heart di...",science,"""study"""
1087lwe,"Plot customisation for end-user in DASH, Panel etc.",datascience,"""end-user"""
101pq8w,[OC] Location probability for my bike tours around Munich 2020-2022,dataisbeautiful,"""[oc]"" and ""probability"", sounds like a heat map"
10j0qhb,"Since we are doing grocery receipts, $443.43",pics,"references a picture, common trend, not funny"
10hemb5,Jailed Iranian Baha‚Äôi Held Incommunicado For Past Month (Iran),videos ,"includes (location), doesn't sound like a headline. r/pics is usually not political"
10imlqc,The evolution of acidity in our oceans // 1910 - 2010 // [OC],dataisbeautiful,"""[oc]"", sounds like a graph"
10j476j,I found the perfect supplement for my girlfriend,funny,funny pic
106szuy,Glyphosate based-herbicide disrupts energy metabolism and activates inflammatory response through oxidative stress in mice liver,science,science words
10jxnbe,"Went to the store during a snowstorm, came back to these weird patterns on the hood of my car",pics,"pic, doesn't sound funny"
10kbp9i,Who is the worst person you know?,askReddit,asks a broad question
103xqtf,Lina is having her birthday party! üéÇüéâüòä,awww,emojis and birthdays feel cute 
10i6qvi,Israelis launch fresh protests against Netanyahu government's judicial reform plans,worldnews,news
10imkvq,‚ÄòDeeply disrespectful‚Äô: Swedish prime minister condemns desecration of Holy Quran in Stockholm,worldnews,news
10inmyz,I think my wood stove is possessed,videos ,probably difficult to show possesion in a pic
10jh5f2,Chandelier in the Subotica synagogue,pics,sounds like a artsy pic
10j6lk4,Nina‚ù§,awww,emoji and single name
10fphuu,Oh Canada.,funny,sarcastic punctuation
10hn73i,Italy seeks Russian oligarch whose seized yachts disappeared from Sardinia,worldnews,multiple countries
10iywt6,"WIBTA for uninviting my ""friend"" from my birthday party after he made a joke?",aita,"""wibta"""
10jie6y,POLYPHONIC: What Makes John Bonham Such a Good Drummer?,videos ,polyphony is hard to hear without a video
10it2o2,WIBTA If I prevented my son from meeting his grandparents?,aita,"""wibta"""
10fybfr,Indian wrestler Vinesh Phogat accuses WFI chief of sexual misconduct,worldnews,countries and accusations
10gov7q,sock.,funny,"single word, sarcastic punctuation"
10iw963,AITA For telling sister she needs to move out?,aita,"""aita"""
10iyhwx,A photo of my dads truck,pics,"a picture, doesn't sound funny"
62mesr,Place,funny,single word
104y873,How to rank order importance of SQL tables,datascience,"asks questions, ""sql"""
zzhgx7,Study reveals how chronic blood cancer transitions to aggressive disease: Key molecule in cancer transition pathway prevents dangerous disease progression in mice with models of the disease and in...,science,"""study"""
zxysqk,I am the night...,awww,"batman reference, either cute or funny"
10kb568,"[Serious] If your vehicle could have a ""Narc Mode"" where it used it's sensor data to report illegal activities (Speeding, Tailgating) of other cars, and it contributed to a crowdsourced fining sys...",AskReddit,"""[Serious]"" is only used by AskReddit"
10gn695,"The all new Jeep Santa Fe, proud sponsor of the Vancouver Maple Leafs",funny,Is this an Ad? 
10jc6wq,He seems pretty angry,videos ,maybe an angry man video?
103phhw,Meal Skipping and Shorter Meal Intervals Are Associated with Increased Risk of All-Cause and Cardiovascular Disease Mortality among US Adults,science,science words
zxt3ib,A good boi....,awww,"""good boi"""
10kfehl,"What do you do when you need to ""unburden"", but you don't friends or family ?",AskReddit,asking question
10k6a59,WIBTA if I don‚Äôt uninvite my mother to my wedding,aita,"""wibta"""
10bkjx9,Share of global population with mental health disorders,dataisbeautiful,sounds like data visualization and not a study
10jrx4q,EC2 or Sagemaker Studio for personal projects? Can't use vs-code in Sagemaker studio remotely.,datascience,"asks a question, but is specific"
10ez426,Indian security force seize Chinese arms from weapon consignment dropped by Pak drone in Punjab's Gurdaspur,worldnews,countries
10is3cr,My first attempt at street photography,pics,"""photography"""
f8y9nx,Spring forward‚Ä¶ into Reddit‚Äôs 2019 transparency report,announcements,"""reddit"" and ""report"""
zy6mul,[OC] Average cost of a Christmas tree over the years,dataisbeautiful,"""[oc]"" and ""average"""
10isa65,Who is funnier Peter or Cartman?,funny,"""funnier"""
10a26yo,[OC] How media divides us: CNN vs Fox News - What stories or topics are they pushing over the last week (Jan 5 to Jan 12)? How do they compare to Reuters?,dataisbeautiful,"[oc]"" and sounds like some graphs"
bqzaw,/r/random is now built-in (and we added some new options to the reddits bar at the top of the page),announcements,sounds like an announcement
10ii0sv,Pumping Humor into a Dark game,funny,"""humor"", doesn't sound like it would get many clicks on r/videos"
10k6gub,AITA For not attending my cousins wedding because they sent my invite to my parents house?,aita,"""aita"""
104lrod,cuties,awww,"""cuties"""
10cir80,[OC] European countries with Higher or Lower HDI than the US after adjusting for inequality.,dataisbeautiful,"""[oc]"", sounds like a coded map"
8bb85p,Reddit‚Äôs 2017 transparency report and suspect account findings,announcements,"""reddit"" and ""report"""
10jjwlo,Former top FBI official Charles McGonigal arrested over ties to Russian oligarch Oleg Deripaska,worldnews,counties and FBI
10j0df9,A bear would be scared if it entered these children!,awww,"""bear"" ""children"""
zwdq6h,INFORMS membership?,datascience,sounds like a niche thing
10jjgwf,who enjoys Monday?üêª #shorts #bear #wildlife #monday,videos ,"""shorts"" could be a short video"
10kadjx,How would you resolve the grandfather paradox if time travel were possible and you were god?,AskReddit,open-ended question
1029ats,Do you know of any course/certification under $100 that's worth it?,datascience,"question, asking advice, specific"
10kee8y,If flavored bacon were a thing (like flavored coffee) what's the first one you want to try?,askReddit,open-ended question
10iiekz,AITA for asking my dad to google something?,aita,"""aita"""
10i3b0m,Clouded Minds - Shaun Jonas,videos ,"includes (location), doesn't sound like a headline. r/pics is usually not political"
10hgl6o,COVID-19 Appears to Disproportionately Impacts Access to Basic Needs among Households with Disabled Members,science,"""disporportionately"" ""covid-19"""
10kezia,what does incline dumbbell rows work,pics,wrong sub?
10aw2zi,Contrasting impacts of dry versus humid heat on US corn and soybean yields - dry heat reduces while humid heat had zero to positive impacts on crop yield,science,"long title, ""contrasting"", ""yields"""
10jrrih,"My shoe free doctor's office. Normal and common during winter in Saskatchewan, Canada.",pics,"""normal and common"" makes it not funny, clearly a picture"
10ea2go,UK government urged to honour pledge to Afghan refugees‚Äô families,worldnews,countries
10is12g,Andrew Tate digital portrait,pics,"""portrait"""
10hkmh6,The candy is so sticky!!!,awww,"""candy"""
8qfw8l,Protecting the Free and Open Internet: European Edition,dataisbeautiful,maybe a coded map
10fcz6u,This has been in an exhibit at my city‚Äôs zoo for 4 months,funny,sounds like a picture of something not supposed to be there
10cl7r4,Advice on transitioning from School Psychology to Data Science/Data Analyst,datascience,"""data scientist"""
zh4358,But where do folks actually attend church? [OC],dataisbeautiful,"""[oc]"", sounds like a graph or chart"
1098bth,[OC] Tarantino's Cinematic Network of Actors,dataisbeautiful,"""[oc]"", sounds like a network graph"
109xsew,Scientists find more evidence that breast milk of those vaccinated against COVID-19 may protect infants,science,"""scientists"""
t93ec3,"This subreddit is closed for new posts and comments. For future updates, announcements, and news related to Reddit Inc. and the platform, please visit r/reddit.",announcements,"""reddit"", ""announcements"""
10ilm04,"I can be your hero, baby I can kiss away the pain",awww,"""hero"", ""baby"", ""kiss"""
10i653w,AITA for being short with my family?,aita,"""aita"""
10kdnk2,What‚Äôs a irrational fear you are living with?,askReddit,asks a broad question
10f0igt,[OC] Animated Bar Graph of Average GPA for Admitted Students in UC Colleges(1994-2021),dataisbeautiful,"""graph"" and ""[oc]"""
10kaxvr,Men grow up much later ),videos ,sounds like a funny video
10elofn,[OC] Dinosauria Cladogram,dataisbeautiful,"""[oc]"", ""gram"""
103zsco,Shower timeee üß°,awww,"emoji, extra letters/misspelling"
10jfxwr,Wake up guys! A new patch of street fighter just dropped,videos ,maybe a funny video
10kcoio,What is your best physical trait?,askReddit,asks a broad question
zfryuw,Sea otter thinking about the vastness of the universe and the insignificance of it all...,awww,sea otters are cute
10jwhkw,$37 at the farmers market here in Los Angeles. Lucky for me they sell half loaves of bread.,pics,"references a pic, common trend"
10kdhbd,What is an instant deal breaker in a partner and why?,askReddit,asks a broad question
10iwtjk,Breaking Bad Meme Recreation,funny,"""meme"""
10129yg,"Insulation only provides short-term reduction in household gas consumption, study of UK housing suggests",science,"""study"""
zvvyev,"Brown algae could remove up to 0.55 gigatons of carbon dioxide from the atmosphere every year, study finds",science,"""study"""
101f4k8,Cherry blossoms with cats,pics,sounds like a cool pic
10kddho,which person do you want to kill but you can't?,askReddit,sounds like it's about to be removed from askReddit 
hi3oht,Update to Our Content Policy,announcements,"posesive, update, policy"
10k2a0m,"Lionel Messi - ""That's How Winning is Done"" Motivational Video",videos ,"""video"""
108gjv6,New approach successfully traces genomic variants back to genetic disorders,science,"""new approach"", science words"
108az26,Freelance data scientists: how did you get into it and what has your journey and experience been so far?,datascience,"""data scientist"""
10kepei,What's your worst hotel horror story?,askReddit,asks a broad question
1091504,statistical comparison of two roc curves,dataisbeautiful,"""statistical"""
7l34u1,"It is Wednesday, my dudes. So here's an exciting native mobile update!",announcements,"""update"", they like to copy other subreddit's memes"
10juhao,AITA for asking to stay in my friends' place while they're on vacation?,aita,"""aita"""
10k4adm,Serenity Now [OC],pics,maybe a pic
1erzth,New reddit gold feature: orangereds when your /u/username is mentioned in comments.,announcements,"""new feature"""
10718qz,How to Calculate Customer Lifetime Value,datascience,sounds like a formula or a request for one
10jwqqp,AITA for not letting my husband but a new TV?,aita,"""aita"""
10eehqw,Me & who?,funny,maybe a misspelling
10fubb3,These guys are getting over confident. Saw my first ever freezer flasher at 40,videos ,maybe a video
10dm0wi,"Musicians are more desirable dates to both men and women, supporting Darwin‚Äôs sexual selection hypothesis",science,"""hypothesis"""
10h4gl5,Baby Seal ü¶≠,awww,"""baby"", emoji"
10dytyc,Family of executed British-Iranian national ‚Äòprevented from seeing body‚Äô,worldnews,countries
10ipxh4,so... where do I go?,funny,confusion
zytxtn,my puppy kumo.hes a preteen now I'd say,awww,"""puppy"""
10aivtd,"Migration restrictions (such as work bans) in destination countries deterred Jewish out-migration from Nazi Germany in the 1930s. In the absence of these restrictions, 12-20% more Jews would have ...",worldnews,either this or science or videos
10kdyrm,How do you know if you are actually happy or just distracting yourself?,askReddit,exicential crisis
bhlao,Sorry about that :(,funny,needs a pic
105tlxh,This is Canela ‚ô° say hi!,awww,"emoji, ""say hi"", excitement"
10eo42m,Kazakhstan ends unlimited stay for Russians,worldnews,countries
106gak0,"Prior Experience Not Always A Plus For Dementia Caregiving. While some former caregivers described an increase in confidence that better prepared them for future care roles, others described a dim...",science,"long title, specific words"
zlbwmz,Map showing how long it takes to reach every corner of the UK by train,dataisbeautiful,"""map"""
10k1yix,Australian Magpie couple crash lands on our balcony on a windy day and give us a beautiful greeting symphony serenade,videos ,needs a video
10jpo8n,Robust & Responsible AI Summit,datascience,"""ai"""
10bmdye,"HRT could ward off Alzheimer‚Äôs among at-risk women. The study shows that HRT use is associated with better memory, cognition and larger brain volumes in later life among women carrying the APOE4 g...",science,"""study"""
zpsxc0,Monthly budget 2022 of a 25 year old Swede living in a 1 bedroom 59 m2 (645 sqft) apartment [OC],dataisbeautiful,"""[oc]"" "
ziwu4m,"[OC] Yearly Average Temperature in the UK, 1884 - 2021",dataisbeautiful,"""[oc]"""
d7uc6,Here's that analysis we promised of what happened yesterday traffic-wise (tldr: everything went better than expected).,announcements,"poster assumes you know who they are, ""traffic"" means web traffic"
1056ivx,Free Copilot-like autocomplete for Jupyter notebooks,datascience,"""jupyter"""
zn1zqx,Summoning basement cat,awww,"""cat"""
10jlzbo,How Every Reaction Channel Made MILLIONS (And you can too!),videos ,clickbait video
10dp8lh,The US‚ÄìChina rivalry and the emergence of state platform capitalism,worldnews,countries
ztq47w,Such a sweet face,awww,"""sweet"""
e75f07,Suspected Campaign from Russia on Reddit,announcements,"""reddit"""
10kd1uh,"People who study Russian, what is the most difficult part of studying for you?",askReddit,asks a questions not about datascience
101mbsr,Distance to the nearest National Park [OC],dataisbeautiful,"""[oc]"""
zjbzca,didn't expect his first time with snow like this...,awww,"""..."", ""snow"""
10jlbkg,Storm Pepsi Max?,funny,needs a pic
10j1ayz,711 Armageddon,pic,"needs a pic, over the top"
10dn84o,"Among social media users, YouTube was considered to be the least civil, followed by Facebook. Twitter and TikTok ranked in the middle. Reddit and Instagram were considered the most civil. (N = 1,1...",worldnews,"""civil"", large coorporations"
10hv7gx,WIBTAH if we reported a neighbor to landlord about dog off leash?,aita,"""wibta"" but spelled wrong"
mi01fg,Second,awww,one word
10k4rmf,Colored balls. Particle fluid. Music.,science,science words
zejtx2,[OC] Volcanic Earthquake Elevation For The Ongoing Eruption in Hawaii,dataisbeautiful,"""elevation"" and ""[oc]"""
10dbmpm,3 Powerful Queries to Find Patterns in Your Knowledge Graph You Haven't Noticed Before,datascience,"""queries"", ""knowledge graph"""
10k41uk,Finished painting,pics,references a picture
10j024h,Anyone in the United States coming to ODSC East 2023 ?,datascience,"question, specific"
10kacu3,"People that poop in a public toilet and don‚Äôt flush, why?",askReddit,asks a broad question
10k1xjx,"Brazil police say gang leader likely ordered killing of British journalist, Amazon expert",worldnews,counties
101tpq2,Do I need to handle multi-colinearity for categorical data?,datascience,"""colinearity"", question"
104804j,Marimekko graph of the California's Reservoir Storage Levels [OC],dataisbeautiful,"""graph"" and ""[oc]"""
10kcozp,What girl loves most boobjob or blowjob?,dataisbeautiful,"sounds like a funny stat, or a poorly worded AskReddit question"
10hvqz7,AITA for not helping SIL with chores while staying with her,aita,"""aita"""
10k7ojn,AITA for speaking out at my brother bitching at the party?,aita,"""aita"""
10joz66,Boing!,funny,sounds funny
10dxf5c,[OC] Price of Eggs compared to Healthcare Costs since 1980,dataisbeautiful,sounds like a depressing graph
10k456c,Sunrise in south central Pennsylvania,pics,references an unfunny pic
9ipbun,It‚Äôs US National Voter Registration Day. Are You Registered?,announcements,sounds like the reddit devs are trying to do a public good
10ivj3u,The Walking Dead Season 1: Funniest Moments,funny,"""funniest"""
10jkq05,Family Guy - Reverse Time,funny,"""family guy"""
10k4uzp,Where the Hell is Test Drive Unlimited Solar Crown?,askReddit,"maybe someone thought people actually knew what ""unlimited solar crown"" means?"
10fbnap,Israel Supreme Court tells Netanyahu he must fire minister,worldnews,countries
10ixk57,ChatGPT helping with marriage advice ü§Ø,funny,emoji
10j9gvk,groovin',awww,one word
10grsl8,[OC] Time taken to reach 1 million users,dataisbeautiful,"""[oc]"""
10i0mfp,AITA for telling my mom about my uncle‚Äôs girlfriend drug usage?,aita,"""aita"""
10j94rz,Data structure at banks,datascience,asks about data structures
cw54z,Why was reddit down!?,announcements,maybe the devs are mocking us
10e0wnv,Lithuanian president slams Russia's latest attacks on Ukraine,worldnews,countries
10cq8kp,[OC] Cobalt Extraction in the Democratic Republic of the Congo,datascience,"""[oc]"""
103bu8n,Pompous Poodle,awww,"""poodle"""
10k5kpe,"Iran pans 'mental inability' of EU, UK after they impose sanctions; vows response",worldnews,countries
10fhi46,Maybe displaying the bird food outside was a bad idea?,pics,"references a pic, maybe a disaster happened"
817lmi,TIL Reddit has a Design team,announcements,"reddit devs like to copy other subs stuff, also ""reddit"""
10ds96v,Difference between working at profit driven organizations vs. mission driven organizations?,datascience,asks an industry specific question
10jk5xh,AITA for asking my neighbour to be less noisy,aita,"""aita"""
109tihe,UBC researchers find three compounds that block COVID-19 infection,science,"""researchers"", ""covid-19"""
10fmi8b,the baby says it's time for a nap hahahaha,awww,"""baby"", laughing"
10kef1f,Parents of children under 5; what‚Äôs happening in your brain to justify air travel?,askReddit,a pompus ass thinks that children under 5 shouldn't be allowed on flights
10iqfdx,AITA for not driving my wife to our son's wedding since I'm not invited?,aita,"""aita"""
10kdkcb,How do you know when you first start working with an attorney that they are going to be a good advocate for you ?,askReddit,asks a broad question
zvwa5j,Let it snow: Scientists make metallic snowflakes out of nanoparticles ‚Äî Different metals produce differently shaped crystals that self-assemble in liquid gallium,science,"""scientists"""
10jv2lq,a pic I took of my city while crossing into Brooklyn via the Manhattan Bridge,pics,"""pic"""
10k5y7q,"Mechanisms of Protein Involved in Cardiovascular Disease and Cancer Uncovered ‚Äì New study reveals how PCSK9 breaks down cholesterol receptors, a key step towards uncovering mechanisms that underpi...",science,science words
cskdl,"Welcome, Jeff!",funny,probably a funny picture
10i2tcg,Random click,funny,probably a funny pic or video
10jqv4f,"Serbia May Lose Chance to Join EU If It Rejects Kosovo Plan, Vucic Says",worldnews,countries
10f9tvu,Modi Urges His Party to Not Discriminate Against India‚Äôs Muslims,worldnews,countries
bpfyx1,Introducing Custom Feeds (plus: a Community Contest with modest prizes!),announcements,"""introducing"""